{
    "gap": 2,
    "space": 0.1,
    "iou": [
        0.5,
        0.55,
        0.6,
        0.65,
        0.7,
        0.75,
        0.8,
        0.85,
        0.9,
        0.95
    ],
    "segprecision": [
        0.6586740281402452,
        0.6726120129903863,
        0.6658533031668004,
        0.6535644379159232,
        0.6255110629050529,
        0.5876048339658205,
        0.5446113440054308,
        0.48264507981518034,
        0.4172995447026847,
        0.33607861524212534
    ],
    "segrecall": [
        0.5455,
        0.5773088428395577,
        0.5898384900880883,
        0.6013345414047311,
        0.60675,
        0.6175,
        0.6065,
        0.6003269753178592,
        0.5739923194278614,
        0.5336639158689941
    ],
    "boxprecision": [
        0.8977131736930186,
        0.9036186913996331,
        0.8961163415144191,
        0.88142177804815,
        0.8459424093475351,
        0.7909123120745947,
        0.7414550032503321,
        0.660742884344754,
        0.5770008440762582,
        0.45928503178814
    ],
    "boxrecall": [
        0.72125,
        0.773,
        0.7957626258098893,
        0.8055,
        0.81425,
        0.811,
        0.7872107484796141,
        0.7585967867966513,
        0.70875,
        0.64125
    ]
}