{
    "gap": 3,
    "space": 0.1,
    "iou": [
        0.5,
        0.55,
        0.6,
        0.65,
        0.7,
        0.75,
        0.8,
        0.85,
        0.9,
        0.95
    ],
    "segprecision": [
        0.6662207841074365,
        0.6734071895060517,
        0.65778186125635,
        0.6520440076571767,
        0.620196301887695,
        0.5859970276903049,
        0.5318428182815664,
        0.486489332526576,
        0.4186309072259863,
        0.3337212906182334
    ],
    "segrecall": [
        0.55675,
        0.57725,
        0.60775,
        0.60925,
        0.6176592220337175,
        0.62925,
        0.6345,
        0.61925,
        0.589,
        0.534807592748999
    ],
    "boxprecision": [
        0.9217535521514408,
        0.9182563292981099,
        0.9097238403487125,
        0.8857023459479768,
        0.8460175363018099,
        0.8007392813931337,
        0.730530162646403,
        0.6712796407530373,
        0.5911015141103163,
        0.4668442042782313
    ],
    "boxrecall": [
        0.7295,
        0.7722937197895469,
        0.7885347755333892,
        0.8194658479360587,
        0.8227633427749707,
        0.8258121607332075,
        0.80975,
        0.7795,
        0.72975,
        0.6578128114271525
    ]
}