{
    "gap": 4,
    "space": 0.1,
    "iou": [
        0.5,
        0.55,
        0.6,
        0.65,
        0.7,
        0.75,
        0.8,
        0.85,
        0.9,
        0.95
    ],
    "segprecision": [
        0.6841869728059378,
        0.6813050279080083,
        0.6742222372599683,
        0.6559823004247072,
        0.6301357110427228,
        0.5885519888031664,
        0.5387083371931328,
        0.4893494699523554,
        0.41991253338699613,
        0.3287232495189959
    ],
    "segrecall": [
        0.5455,
        0.57175,
        0.5975904391846408,
        0.60525,
        0.61025,
        0.621,
        0.616,
        0.61025,
        0.5962944780223264,
        0.55675
    ],
    "boxprecision": [
        0.9257913641541804,
        0.923251388320122,
        0.898447541095646,
        0.8832202301368883,
        0.8502917024416226,
        0.8019792573422154,
        0.7311987786817868,
        0.6625792281398777,
        0.5809101557462005,
        0.4597745720552119
    ],
    "boxrecall": [
        0.73025,
        0.76225,
        0.8028768284821787,
        0.8095,
        0.81077096765482,
        0.8221451449746748,
        0.801,
        0.775,
        0.72925,
        0.65025
    ]
}