{
    "gap": -1,
    "space": 0.1,
    "iou": [
        0.5,
        0.55,
        0.6,
        0.65,
        0.7,
        0.75,
        0.8,
        0.85,
        0.9,
        0.95
    ],
    "segprecision": [
        0.6907287984149065,
        0.6959008279483135,
        0.6993875273160591,
        0.6918852613403108,
        0.6699534606739462,
        0.6283226486899979,
        0.583320767077094,
        0.5266710713932669,
        0.44686921283569875,
        0.35684010577843295
    ],
    "segrecall": [
        0.5715,
        0.602,
        0.6265,
        0.6394187230253021,
        0.643,
        0.6529578015390872,
        0.65425,
        0.6535,
        0.61925,
        0.57
    ],
    "boxprecision": [
        0.9209829430244991,
        0.914313381063194,
        0.9166386182098407,
        0.8953412913659163,
        0.8591697618252881,
        0.8106976791805727,
        0.7585561318685383,
        0.6830765817125471,
        0.5964611590983124,
        0.47370844219034125
    ],
    "boxrecall": [
        0.7185,
        0.77225,
        0.8054542550585941,
        0.82525,
        0.8236009649649649,
        0.821,
        0.8125,
        0.781309457494572,
        0.7235183065328324,
        0.656
    ]
}