{
    "gap": 20,
    "space": 0.1,
    "iou": [
        0.5,
        0.55,
        0.6,
        0.65,
        0.7,
        0.75,
        0.8,
        0.85,
        0.9,
        0.95
    ],
    "segprecision": [
        0.6388274641349904,
        0.627054326524885,
        0.6155032153153454,
        0.6061474630555803,
        0.5766017567666332,
        0.5452292120314565,
        0.5012069874726149,
        0.4532805444375942,
        0.3827845869910575,
        0.30454516125264547
    ],
    "segrecall": [
        0.47375,
        0.509871129235591,
        0.54575,
        0.55725,
        0.559,
        0.557493117514274,
        0.56875,
        0.5606732501192779,
        0.552,
        0.51575
    ],
    "boxprecision": [
        0.8963430985496569,
        0.8927329698771568,
        0.8754638037352942,
        0.8546147284734491,
        0.8298203860879849,
        0.7838717508064982,
        0.7162135622653735,
        0.6635148179356934,
        0.5662172720402167,
        0.4468323079786748
    ],
    "boxrecall": [
        0.691,
        0.7405,
        0.77625,
        0.78,
        0.78275,
        0.7734326918257907,
        0.762811478978979,
        0.7315745672240999,
        0.6895,
        0.615722743947103
    ]
}