{
    "gap": 0,
    "space": 0,
    "iou": [
        0.5,
        0.55,
        0.6,
        0.65,
        0.7,
        0.75,
        0.8,
        0.85,
        0.9,
        0.95
    ],
    "segprecision": [
        0.32840450213102035,
        0.34298296981892645,
        0.34975687421290164,
        0.3496750938972403,
        0.343494432223085,
        0.33213806204237467,
        0.3176750736993918,
        0.2933484546658647,
        0.26648014879314325,
        0.21520709887459774
    ],
    "segrecall": [
        0.377,
        0.3885,
        0.39575,
        0.408,
        0.40875,
        0.4225,
        0.418,
        0.41125,
        0.39375,
        0.367
    ],
    "boxprecision": [
        0.7114672443583598,
        0.728606157517514,
        0.7259400125818251,
        0.7094749296646763,
        0.6899661128628874,
        0.6645758867586639,
        0.6383699430787007,
        0.6002799183440423,
        0.5302662039548784,
        0.41785970992916827
    ],
    "boxrecall": [
        0.70125,
        0.732,
        0.768,
        0.79325,
        0.796,
        0.79625,
        0.7789196059172285,
        0.74975,
        0.70925,
        0.6395
    ]
}