{
    "gap": 2,
    "space": 0.2,
    "iou": [
        0.5,
        0.55,
        0.6,
        0.65,
        0.7,
        0.75,
        0.8,
        0.85,
        0.9,
        0.95
    ],
    "segprecision": [
        0.5395558042295506,
        0.5268430583619294,
        0.5086066328204694,
        0.49242884679734666,
        0.46052106238691387,
        0.4393044492151388,
        0.4406708361295024,
        0.4222882099653019,
        0.37685082703398415,
        0.2896752763413573
    ],
    "segrecall": [
        0.287,
        0.324,
        0.35,
        0.365,
        0.37525,
        0.37325,
        0.34875,
        0.3236356257234376,
        0.3165,
        0.292
    ],
    "boxprecision": [
        0.9171729964866283,
        0.8919964561357852,
        0.8510261911832578,
        0.8112720836765142,
        0.7626258500472418,
        0.7200862214998659,
        0.7158022146247743,
        0.6635718465973606,
        0.5781372186547351,
        0.43909510676430075
    ],
    "boxrecall": [
        0.49425,
        0.54975,
        0.598,
        0.631899097224786,
        0.64625,
        0.63525,
        0.5899999134825333,
        0.564600331763464,
        0.52475,
        0.4595
    ]
}