{
    "gap": 3,
    "space": 0.2,
    "iou": [
        0.5,
        0.55,
        0.6,
        0.65,
        0.7,
        0.75,
        0.8,
        0.85,
        0.9,
        0.95
    ],
    "segprecision": [
        0.5323933541705799,
        0.5141154086450257,
        0.5244098875959982,
        0.500211406894478,
        0.4695865931826331,
        0.45185037469176775,
        0.43398532510942633,
        0.41784374939106883,
        0.36485373048291914,
        0.2791035807153089
    ],
    "segrecall": [
        0.29175,
        0.3165,
        0.33775,
        0.34975,
        0.36775,
        0.3703255101694069,
        0.3635,
        0.35275,
        0.3445,
        0.32027963390024794
    ],
    "boxprecision": [
        0.8599926910140073,
        0.8583919560379846,
        0.8420171545140109,
        0.8185980515058225,
        0.7892594078786156,
        0.7815199047709864,
        0.7089060777130504,
        0.6461209918339282,
        0.5827890236237949,
        0.4417439698052289
    ],
    "boxrecall": [
        0.46125,
        0.5076712278258105,
        0.5423072860579813,
        0.5665,
        0.57525,
        0.55825,
        0.5645,
        0.5454651024880002,
        0.5035712410767575,
        0.4581585374605375
    ]
}