{
    "gap": 4,
    "space": 0.2,
    "iou": [
        0.5,
        0.55,
        0.6,
        0.65,
        0.7,
        0.75,
        0.8,
        0.85,
        0.9,
        0.95
    ],
    "segprecision": [
        0.6016866647934019,
        0.5849714360781993,
        0.5603337625367238,
        0.5326534560448882,
        0.49757523842755647,
        0.4763142807657778,
        0.42503853910807643,
        0.4210294336510317,
        0.37456792379248255,
        0.2902503327497435
    ],
    "segrecall": [
        0.29418670488981796,
        0.32475,
        0.3485,
        0.36925,
        0.39025,
        0.39625,
        0.4165,
        0.37632783643496615,
        0.3595,
        0.3226595690284881
    ],
    "boxprecision": [
        0.9650033675943633,
        0.9518830097243748,
        0.9220938886183887,
        0.8792208028689489,
        0.8133840927596498,
        0.780447840869962,
        0.7197285642765111,
        0.7093983331252568,
        0.6238511749822723,
        0.4639105956565776
    ],
    "boxrecall": [
        0.47565459857312503,
        0.529186704889818,
        0.5740442430483655,
        0.6095,
        0.6385349091400633,
        0.632,
        0.6220906848044587,
        0.5755,
        0.5419221427050953,
        0.502
    ]
}