{
    "gap": -1,
    "space": 0.2,
    "iou": [
        0.5,
        0.55,
        0.6,
        0.65,
        0.7,
        0.75,
        0.8,
        0.85,
        0.9,
        0.95
    ],
    "segprecision": [
        0.5867660279706218,
        0.5769381042651989,
        0.5552845060617743,
        0.5277130383222209,
        0.501970973720153,
        0.45825378850319565,
        0.4615321413426816,
        0.435551641447129,
        0.37363728839621557,
        0.2771599679838301
    ],
    "segrecall": [
        0.27275,
        0.309,
        0.338,
        0.36118559631885555,
        0.3745,
        0.3755719675480695,
        0.35463385846582934,
        0.34175,
        0.3295,
        0.30827929914041263
    ],
    "boxprecision": [
        0.9342003580063887,
        0.9163720713964025,
        0.879500202155259,
        0.8258987037433507,
        0.782936020371011,
        0.7388903480745806,
        0.6619047015662987,
        0.6433837629775734,
        0.5760877221558701,
        0.4229173826501716
    ],
    "boxrecall": [
        0.43425,
        0.49035834413373386,
        0.5364595434169144,
        0.5705,
        0.58375,
        0.57525,
        0.5785,
        0.5281604798080799,
        0.4943284885486087,
        0.449
    ]
}