{
    "gap": 20,
    "space": 0.2,
    "iou": [
        0.5,
        0.55,
        0.6,
        0.65,
        0.7,
        0.75,
        0.8,
        0.85,
        0.9,
        0.95
    ],
    "segprecision": [
        0.49973276475457934,
        0.4884556558378844,
        0.46897359885403267,
        0.43605171977918655,
        0.42634575017122495,
        0.3901753939507244,
        0.3528579971804751,
        0.36147193120403276,
        0.32798394357796584,
        0.2505847649809916
    ],
    "segrecall": [
        0.2245,
        0.25525,
        0.2805,
        0.29625,
        0.3055,
        0.3170287170326522,
        0.3225,
        0.2877212813526115,
        0.2755,
        0.26325
    ],
    "boxprecision": [
        0.9031698206377542,
        0.8658045316415257,
        0.817843981179487,
        0.7630393953428355,
        0.7140806610620339,
        0.6652618033655101,
        0.6110638743737186,
        0.6332080811343281,
        0.5575701602295514,
        0.42543462055200315
    ],
    "boxrecall": [
        0.4057401108680105,
        0.45324011086801047,
        0.490510586978841,
        0.517,
        0.5265,
        0.52075,
        0.5035427748046518,
        0.44425,
        0.4295,
        0.39575
    ]
}