{
    "gap": 2,
    "space": 0.3,
    "iou": [
        0.5,
        0.55,
        0.6,
        0.65,
        0.7,
        0.75,
        0.8,
        0.85,
        0.9,
        0.95
    ],
    "segprecision": [
        0.07610037021801727,
        0.07125977095073623,
        0.11043471384837543,
        0.0969674336468928,
        0.08835527102351286,
        0.0776852278161985,
        0.0646494342603069,
        0.05223146818908213,
        0.07299599512483944,
        0.05534930558815399
    ],
    "segrecall": [
        0.0925,
        0.098,
        0.06675,
        0.06925,
        0.07175,
        0.07625,
        0.079,
        0.08125,
        0.04975,
        0.05075
    ],
    "boxprecision": [
        0.7739329855901036,
        0.7612334934584194,
        0.7304895422272939,
        0.6869250445026545,
        0.6849626656848569,
        0.5984125109871309,
        0.575327660838818,
        0.5887071698576446,
        0.5081863212858436,
        0.3598075927999131
    ],
    "boxrecall": [
        0.3620316602985607,
        0.40125,
        0.42625,
        0.44475,
        0.439,
        0.45575,
        0.436,
        0.38525,
        0.37775,
        0.36425
    ]
}