{
    "gap": 3,
    "space": 0.3,
    "iou": [
        0.5,
        0.55,
        0.6,
        0.65,
        0.7,
        0.75,
        0.8,
        0.85,
        0.9,
        0.95
    ],
    "segprecision": [
        0.15269502839848825,
        0.1539505139919471,
        0.15903955806872672,
        0.14776002515951947,
        0.1415616557047439,
        0.1336886640821125,
        0.12626926290512355,
        0.10770983441357326,
        0.10425010682602943,
        0.07462996330477423
    ],
    "segrecall": [
        0.08975,
        0.09575,
        0.093,
        0.09575,
        0.0975,
        0.098,
        0.09625,
        0.103,
        0.09575,
        0.09725
    ],
    "boxprecision": [
        0.6799379041475715,
        0.6808102652006496,
        0.6840203241052965,
        0.6484755931232549,
        0.657347565838891,
        0.6156091875002071,
        0.5748089128045747,
        0.5969957129570334,
        0.49638489591512414,
        0.37138696763844414
    ],
    "boxrecall": [
        0.3839841701624564,
        0.41975,
        0.43825,
        0.4535,
        0.442,
        0.447,
        0.4475,
        0.40425,
        0.39925,
        0.379
    ]
}