{
    "gap": 4,
    "space": 0.3,
    "iou": [
        0.5,
        0.55,
        0.6,
        0.65,
        0.7,
        0.75,
        0.8,
        0.85,
        0.9,
        0.95
    ],
    "segprecision": [
        0.16825149544423554,
        0.15357200624331901,
        0.14593849929872243,
        0.13500088342857186,
        0.12360802040332013,
        0.11025943705074541,
        0.09514649396465695,
        0.07775283962789233,
        0.07222648446977334,
        0.065833174468455
    ],
    "segrecall": [
        0.06375,
        0.06525,
        0.0695,
        0.07175,
        0.075,
        0.07825,
        0.08425,
        0.09125,
        0.08,
        0.06469386715165454
    ],
    "boxprecision": [
        0.7957429941663525,
        0.7793315440242738,
        0.7530431369282948,
        0.7167262544056036,
        0.6661133821400863,
        0.6028453867323598,
        0.531018014431169,
        0.5080257862598078,
        0.4611787172105997,
        0.33099220710565375
    ],
    "boxrecall": [
        0.30095002836781665,
        0.33,
        0.354,
        0.37575,
        0.3945,
        0.39921062575908933,
        0.40325,
        0.3751017263801922,
        0.3375,
        0.321
    ]
}