{
    "gap": -1,
    "space": 0.3,
    "iou": [
        0.5,
        0.55,
        0.6,
        0.65,
        0.7,
        0.75,
        0.8,
        0.85,
        0.9,
        0.95
    ],
    "segprecision": [
        0.14433771686237787,
        0.14229848303675235,
        0.13073874440233976,
        0.12321463996793247,
        0.11175256686033765,
        0.10527948618498006,
        0.08978352049234675,
        0.08932017189734501,
        0.07065996246890302,
        0.07368005084559781
    ],
    "segrecall": [
        0.07225,
        0.07975,
        0.08275,
        0.0885,
        0.0925,
        0.093,
        0.0965,
        0.0855,
        0.0845,
        0.062
    ],
    "boxprecision": [
        0.7108251278085924,
        0.6936493452105013,
        0.6696583382626765,
        0.6553301138299779,
        0.6014943917827232,
        0.6126123387722084,
        0.5672504823100407,
        0.5195748256571432,
        0.48626749597853836,
        0.3634839265982053
    ],
    "boxrecall": [
        0.3558121880238439,
        0.38875,
        0.41325,
        0.4159152735938081,
        0.43225,
        0.40958094319996813,
        0.40225,
        0.38775,
        0.353,
        0.33975
    ]
}