{
    "gap": 20,
    "space": 0.3,
    "iou": [
        0.5,
        0.55,
        0.6,
        0.65,
        0.7,
        0.75,
        0.8,
        0.85,
        0.9,
        0.95
    ],
    "segprecision": [
        0.19196665130096396,
        0.17509967708216878,
        0.16596988111382227,
        0.1528294846731978,
        0.13784087244589394,
        0.11950613027219296,
        0.10057695574280602,
        0.101198755289367,
        0.08419889559091026,
        0.07546966638418813
    ],
    "segrecall": [
        0.06275,
        0.06425,
        0.06825,
        0.0715,
        0.0735,
        0.077,
        0.08125,
        0.071,
        0.07225,
        0.06175
    ],
    "boxprecision": [
        0.8744585571205802,
        0.8472086566338389,
        0.8083708501398357,
        0.7586088948054645,
        0.6908613423174894,
        0.6144408022274149,
        0.5553759242536647,
        0.537193949736939,
        0.4810806303249413,
        0.35384196004195634
    ],
    "boxrecall": [
        0.28558542440322776,
        0.31025,
        0.332,
        0.3535486764144026,
        0.36525,
        0.37725,
        0.37175,
        0.338,
        0.307559358197656,
        0.2915
    ]
}