{
    "gap": 2,
    "space": 0.4,
    "iou": [
        0.5,
        0.55,
        0.6,
        0.65,
        0.7,
        0.75,
        0.8,
        0.85,
        0.9,
        0.95
    ],
    "segprecision": [
        0.11919272197095365,
        0.12070668850732934,
        0.1452603188111572,
        0.13996132616732954,
        0.13387558059250546,
        0.12520043783319054,
        0.11802152111555554,
        0.10271621058651935,
        0.10708098041109711,
        0.07735673493502973
    ],
    "segrecall": [
        0.05,
        0.0505,
        0.047,
        0.047,
        0.0475,
        0.048,
        0.04775,
        0.04975,
        0.048,
        0.050200723141755735
    ],
    "boxprecision": [
        0.4892877632041824,
        0.4820753788711463,
        0.4621735893473198,
        0.43776385303869175,
        0.4113954144923978,
        0.4148672295374224,
        0.4417328114040757,
        0.41827874984293206,
        0.34517790809037513,
        0.2669741492486636
    ],
    "boxrecall": [
        0.2375963842300707,
        0.251,
        0.2595,
        0.26875,
        0.2785,
        0.272,
        0.2505,
        0.24025,
        0.23825,
        0.223
    ]
}