{
    "gap": 3,
    "space": 0.4,
    "iou": [
        0.5,
        0.55,
        0.6,
        0.65,
        0.7,
        0.75,
        0.8,
        0.85,
        0.9,
        0.95
    ],
    "segprecision": [
        0.08660200951612242,
        0.08192427624579156,
        0.08552597327114861,
        0.08117493557108517,
        0.07479539723032058,
        0.06667934070263459,
        0.0618441506025594,
        0.08263455287051896,
        0.07064575475421142,
        0.06242094848012274
    ],
    "segrecall": [
        0.0435,
        0.0445,
        0.04425,
        0.04425,
        0.0455,
        0.04525,
        0.04425,
        0.03525,
        0.038,
        0.0335
    ],
    "boxprecision": [
        0.5573324741784983,
        0.5546986999479976,
        0.5383274610516662,
        0.5129030421024886,
        0.49387952931211726,
        0.46096366644792813,
        0.4251802505005655,
        0.4020542314933548,
        0.32723726623091304,
        0.2451749862136478
    ],
    "boxrecall": [
        0.285,
        0.306,
        0.32175,
        0.334,
        0.342,
        0.342,
        0.3395,
        0.3257741578641924,
        0.3145,
        0.28675
    ]
}