{
    "gap": 4,
    "space": 0.4,
    "iou": [
        0.5,
        0.55,
        0.6,
        0.65,
        0.7,
        0.75,
        0.8,
        0.85,
        0.9,
        0.95
    ],
    "segprecision": [
        0.13040259908340446,
        0.12233061485558754,
        0.11449784701519693,
        0.11157864263482568,
        0.10463929104888463,
        0.08617059415825858,
        0.0951410309081748,
        0.10957476757501856,
        0.0853730530975919,
        0.06920712812986263
    ],
    "segrecall": [
        0.04675,
        0.04725,
        0.04775,
        0.04725,
        0.048,
        0.04975,
        0.046,
        0.04175,
        0.0435,
        0.04081975091185069
    ],
    "boxprecision": [
        0.6011196651678511,
        0.5882065545941438,
        0.5882293736461224,
        0.5882032888057616,
        0.5619344486373347,
        0.5821213523505888,
        0.5401599958505355,
        0.4597165109061096,
        0.4420830741887883,
        0.34220002911917
    ],
    "boxrecall": [
        0.23825,
        0.25475,
        0.2615,
        0.26625,
        0.2677768687751387,
        0.2580605444639041,
        0.26225,
        0.273,
        0.24325,
        0.22375
    ]
}