{
    "gap": -1,
    "space": 0.4,
    "iou": [
        0.5,
        0.55,
        0.6,
        0.65,
        0.7,
        0.75,
        0.8,
        0.85,
        0.9,
        0.95
    ],
    "segprecision": [
        0.10991072449745691,
        0.10418782748469765,
        0.12529640462173045,
        0.10626766717809684,
        0.1118389099412894,
        0.09989286215483091,
        0.10686563932985482,
        0.09337459173279608,
        0.09098580704649456,
        0.07462185603003482
    ],
    "segrecall": [
        0.046,
        0.04575,
        0.044,
        0.04809639198389299,
        0.0475,
        0.04875,
        0.04475,
        0.04775,
        0.044,
        0.04225
    ],
    "boxprecision": [
        0.6974330015002176,
        0.6656649494083037,
        0.6340505439130372,
        0.5847237464940855,
        0.5308496114720603,
        0.48633386017753627,
        0.4341231173537521,
        0.38625014092647053,
        0.36091503568888705,
        0.27387173454027475
    ],
    "boxrecall": [
        0.30830087664863026,
        0.33175,
        0.353,
        0.36475,
        0.3745,
        0.37625,
        0.38175,
        0.36375,
        0.3115,
        0.28275
    ]
}