{
    "gap": 20,
    "space": 0.4,
    "iou": [
        0.5,
        0.55,
        0.6,
        0.65,
        0.7,
        0.75,
        0.8,
        0.85,
        0.9,
        0.95
    ],
    "segprecision": [
        0.11439011760080688,
        0.11143415883699805,
        0.10764380611589415,
        0.10377153793092778,
        0.09564591655943987,
        0.08995287857918041,
        0.08102725787723433,
        0.06825192769232918,
        0.052497176030123965,
        0.04303014535727224
    ],
    "segrecall": [
        0.0385,
        0.0405,
        0.04155663037252235,
        0.042,
        0.042,
        0.0445,
        0.04625,
        0.049,
        0.051,
        0.049
    ],
    "boxprecision": [
        0.6510787646972044,
        0.6398341734630013,
        0.6211695403322192,
        0.5991778136415876,
        0.5604521441984072,
        0.5230406142104029,
        0.4654540466669492,
        0.4256390541692183,
        0.34733888164744436,
        0.2440517038226348
    ],
    "boxrecall": [
        0.2185,
        0.23005663037252236,
        0.23980663037252234,
        0.2474013316360934,
        0.2545,
        0.25875,
        0.25975,
        0.251,
        0.24875,
        0.235
    ]
}