{
    "gap": 2,
    "space": 0.5,
    "iou": [
        0.5,
        0.55,
        0.6,
        0.65,
        0.7,
        0.75,
        0.8,
        0.85,
        0.9,
        0.95
    ],
    "segprecision": [
        0.10239991502035355,
        0.10165839345569523,
        0.09138106534355207,
        0.08281651784253428,
        0.07614642390797764,
        0.06675900018938656,
        0.059079510367875024,
        0.05076709365559264,
        0.040279041980899356,
        0.06240491192147078
    ],
    "segrecall": [
        0.03475,
        0.037,
        0.03625,
        0.03675,
        0.038,
        0.04025,
        0.043,
        0.0445,
        0.05025,
        0.02975
    ],
    "boxprecision": [
        0.7318448268531748,
        0.7136693973004551,
        0.676850097786034,
        0.6292974915619894,
        0.5808969523013416,
        0.502417389892771,
        0.4440878304880008,
        0.3939191776526824,
        0.3354367191837409,
        0.25059485683991234
    ],
    "boxrecall": [
        0.24835579532554378,
        0.25975,
        0.2685,
        0.27925205638298456,
        0.2907235854329795,
        0.30291498433331404,
        0.3015,
        0.29425,
        0.267,
        0.2395
    ]
}