{
    "gap": 3,
    "space": 0.5,
    "iou": [
        0.5,
        0.55,
        0.6,
        0.65,
        0.7,
        0.75,
        0.8,
        0.85,
        0.9,
        0.95
    ],
    "segprecision": [
        0.030707876370887337,
        0.028980257199782648,
        0.02599873176918199,
        0.022316684378320937,
        0.04554323987620669,
        0.0387821654078955,
        0.03361608381186279,
        0.02904346441404431,
        0.04349333348394327,
        0.04648386447163737
    ],
    "segrecall": [
        0.0385,
        0.04,
        0.041,
        0.042,
        0.01975,
        0.02,
        0.021,
        0.0225,
        0.0205,
        0.0205
    ],
    "boxprecision": [
        0.6185064444521753,
        0.6063014764143189,
        0.596930536109238,
        0.5680304108973522,
        0.5250783729283679,
        0.4699730835216617,
        0.41284590705358704,
        0.3519028385823117,
        0.34174617295059134,
        0.2490464003864267
    ],
    "boxrecall": [
        0.17675,
        0.186,
        0.19775,
        0.21375,
        0.22425,
        0.23725,
        0.25075,
        0.257,
        0.236,
        0.2175
    ]
}