{
    "gap": 4,
    "space": 0.5,
    "iou": [
        0.5,
        0.55,
        0.6,
        0.65,
        0.7,
        0.75,
        0.8,
        0.85,
        0.9,
        0.95
    ],
    "segprecision": [
        0.10639873148505527,
        0.1026629220913621,
        0.0972506805319414,
        0.0892953740919783,
        0.08313649177027586,
        0.07488473634266048,
        0.06468024213941706,
        0.05429380071184312,
        0.057110736671765014,
        0.04126876832232368
    ],
    "segrecall": [
        0.03425,
        0.03525,
        0.03575,
        0.03575,
        0.0375,
        0.038,
        0.0395,
        0.0415,
        0.03725,
        0.0395
    ],
    "boxprecision": [
        0.49515769160409184,
        0.4890017683687557,
        0.4795992941542805,
        0.4561549045147377,
        0.4287029244382547,
        0.4086120877624158,
        0.3589965364188511,
        0.31743251793291705,
        0.26916141449319386,
        0.22576463343495612
    ],
    "boxrecall": [
        0.15725,
        0.16603152794072146,
        0.17275,
        0.1785,
        0.188,
        0.19087151880276476,
        0.19625,
        0.19875,
        0.19625,
        0.17725
    ]
}