{
    "gap": -1,
    "space": 0.5,
    "iou": [
        0.5,
        0.55,
        0.6,
        0.65,
        0.7,
        0.75,
        0.8,
        0.85,
        0.9,
        0.95
    ],
    "segprecision": [
        0.05697232772653283,
        0.054271356783919596,
        0.050523441055985434,
        0.04652120214079868,
        0.04130747126436782,
        0.03636363636363636,
        0.033037475345167655,
        0.08982563144771832,
        0.07781186592345375,
        0.06825379439710348
    ],
    "segrecall": [
        0.02625,
        0.027,
        0.02775,
        0.02825,
        0.02875,
        0.0305,
        0.0335,
        0.01925,
        0.021,
        0.023
    ],
    "boxprecision": [
        0.5176342919153554,
        0.5090452261306533,
        0.4906690942193901,
        0.46521202140798684,
        0.42420977011494254,
        0.3692995529061103,
        0.5449641764830832,
        0.44925624237464173,
        0.3547888762964068,
        0.26815208629055837
    ],
    "boxrecall": [
        0.2385,
        0.25325,
        0.2695,
        0.2825,
        0.29525,
        0.30975,
        0.24125,
        0.24206684250130853,
        0.2475,
        0.219
    ]
}