{
    "gap": 20,
    "space": 0.5,
    "iou": [
        0.5,
        0.55,
        0.6,
        0.65,
        0.7,
        0.75,
        0.8,
        0.85,
        0.9,
        0.95
    ],
    "segprecision": [
        0.04128440366972477,
        0.039347007115948095,
        0.035422343324250684,
        0.049962973187904755,
        0.07048580411854721,
        0.06577165066167358,
        0.059203121293437494,
        0.05127875078972549,
        0.04402918757680874,
        0.05105826552328384
    ],
    "segrecall": [
        0.04275,
        0.047,
        0.04875,
        0.03275,
        0.02675,
        0.02775,
        0.02875,
        0.02975,
        0.031,
        0.02725
    ],
    "boxprecision": [
        0.3614196040560116,
        0.42133333529916683,
        0.4974618012964888,
        0.4687305250533311,
        0.43323364622901933,
        0.39267486331425516,
        0.34745443681176225,
        0.3043476731494322,
        0.2391000965512216,
        0.17515603210981018
    ],
    "boxrecall": [
        0.37425,
        0.36325,
        0.30675,
        0.3156371021822963,
        0.324485891090388,
        0.327,
        0.33252130019795495,
        0.3247341439062463,
        0.31725,
        0.297
    ]
}